,Acme,Becky,Clara,Joan,Mike,Ralph,test,heldout,all
gpt-4-turbo-0s,0.4796888006013502,0.5177033948454413,0.43023546167113813,0.6537543571755211,0.5299720485648322,0.5258043785952351,0.5007389364924604,0.5299720485648322,0.4896392236679524
gpt-4-turbo-5s,0.433157124833361,0.1450337242980722,0.34524990770912467,0.44271751197629766,0.09063135741353529,0.24983860019489573,0.26523470544984373,0.09063135741353529,0.2416014159516554
gpt-4-turbo-10s,0.2727053611406403,0.04207008411113425,0.4999570402783457,0.15701580716445335,0.015455846664388869,0.21811731326940298,0.21741537237337027,0.015455846664388869,0.17764464272127992
gpt-4-turbo-20s,0.30486604569695996,0.07678456699455621,0.24951233591455324,0.3502680435081309,0.09081035441557778,0.008009820119908903,0.225634130548665,0.09081035441557778,0.19996780412395349
